epoch,total_loss,u_loss,v_loss,p_loss
0,0.09774915539574894,0.0019806637957861476,0.0018787508796032687,0.0018309449495229107
1,0.011105528757484122,0.0009187028812117536,0.00019973279135725036,0.00020018622738213955
2,0.005886523815041239,0.0008467012402516874,9.885754678345455e-05,9.694522040345791e-05
3,0.004537264901128682,0.000834019563626498,7.242369148033586e-05,8.20607066006315e-05
4,0.004052531333978881,0.0008268550048920919,6.296475294220727e-05,7.74386439430104e-05
5,0.003855563075789674,0.0008194487467831509,5.924051749223674e-05,7.408840081717989e-05
6,0.00377989236519418,0.0008102839505723255,5.797282557812816e-05,7.096712215570733e-05
7,0.0037473058328032494,0.0007998275104910135,5.7587295734926805e-05,6.811353225864217e-05
8,0.0037276742196726527,0.0007872188421474261,5.749890525211495e-05,6.551011491947892e-05
9,0.003707778767089952,0.000772913663902066,5.743121453799011e-05,6.330438621014103e-05
10,0.0036877353188835764,0.0007566080894321203,5.739589059058662e-05,6.133270868634678e-05
11,0.0036657314049080014,0.0007391173434867101,5.733733980212657e-05,5.974707478757905e-05
12,0.0036449164617806673,0.0007216695706698705,5.7296122494418256e-05,5.844077449265487e-05
13,0.0036267351507293906,0.0007062112986618145,5.726293040259572e-05,5.737730564512524e-05
14,0.0036144270879131827,0.000696100606794723,5.723586764361244e-05,5.6533117293094456e-05
15,0.003605837351642549,0.0006906575872562826,5.718671656557655e-05,5.5843943879484535e-05
16,0.0036041772903197193,0.0006909161747898906,5.7159758315802634e-05,5.527322024466809e-05
17,0.0035986227343197574,0.0006880407216323709,5.711553752586372e-05,5.480513292158403e-05
18,0.0035957536998797546,0.0006870645553466271,5.708500810380263e-05,5.443876464348498e-05
19,0.003593311211178926,0.0006866176448635418,5.7051831721434034e-05,5.4101943037081085e-05
20,0.0035909008848565545,0.0006851082223213532,5.704031338444276e-05,5.3776978265060194e-05
21,0.0035877945642410355,0.0006847539466848089,5.699113204503771e-05,5.348398752341216e-05
22,0.0035862766777757893,0.0006845643114171584,5.696960480153476e-05,5.3232143810336396e-05
23,0.003584179709750143,0.0006838446715846658,5.694600920171731e-05,5.3034563196971163e-05
24,0.003581395944241773,0.0006823155801446939,5.692443714492997e-05,5.28585189220559e-05
25,0.0035805510865016417,0.0006818714424629103,5.691945146033752e-05,5.270707912462637e-05
26,0.00357734640552239,0.0006810896315569566,5.687385022280399e-05,5.256424860404381e-05
27,0.0035765874199569225,0.0006814806653313677,5.685248751516073e-05,5.2482371922286056e-05
28,0.0035767175405370917,0.0006812370609788394,5.6862389762748286e-05,5.236097901863766e-05
29,0.003574295329268683,0.0006805270042439753,5.682977214085192e-05,5.2279741628973916e-05
30,0.0035698828181590547,0.000677192364078523,5.680985635659784e-05,5.219762914004439e-05
31,0.0035693397830155764,0.0006768434726506133,5.680691339710558e-05,5.2150656715225935e-05
32,0.00357101848137311,0.0006799060475631533,5.6779874781072564e-05,5.211871790710244e-05
33,0.0035659978060390463,0.0006751433274158361,5.6775284313268706e-05,5.209026180223604e-05
34,0.003565088623542,0.000674591375917027,5.676960691661489e-05,5.201690576293252e-05
35,0.0035638724432580852,0.0006741327842147174,5.6754819194214754e-05,5.199866989807395e-05
36,0.0035612133056433363,0.0006721092927777631,5.674252795208965e-05,5.1977639404040843e-05
37,0.003560986877842383,0.0006725680855610831,5.672892306888984e-05,5.1972689933873795e-05
38,0.0035572685724632306,0.0006691855907609516,5.672294157028029e-05,5.193590219608847e-05
39,0.0035553763684054666,0.0006679405394772237,5.670953049213329e-05,5.195934946558819e-05
40,0.0035541495625776324,0.000667001094288108,5.670330376067961e-05,5.1983268349431455e-05
41,0.0035525618480857124,0.0006661974369886924,5.668870273273735e-05,5.192923940326595e-05
42,0.003550044705413959,0.0006640432111453265,5.668243102263659e-05,5.1879946774781935e-05
43,0.003554042280566963,0.0006680197495205158,5.668305063657251e-05,5.186999706810721e-05
44,0.0035453518238765273,0.0006598760453264483,5.667180084856227e-05,5.1885728515282444e-05
45,0.0035446802027184854,0.0006599910504353994,5.665684627522503e-05,5.184683703357057e-05
46,0.0035403143529864874,0.0006562479962171478,5.664490295616402e-05,5.1821180353396237e-05
47,0.0035426443633200092,0.0006581779929216613,5.665264176390007e-05,5.183431411834053e-05
48,0.0035332632886076517,0.0006491327949333936,5.664647605127274e-05,5.1806701528469354e-05
49,0.0035428971538997507,0.0006602831655816937,5.661664545186795e-05,5.178170166883237e-05
50,0.003532428389669142,0.0006501479577061466,5.660906721128743e-05,5.18271095974011e-05
51,0.003527828407558528,0.0006456172771074555,5.660865562359422e-05,5.177831537201366e-05
52,0.0035174909809773617,0.0006353393255267292,5.6606370642178014e-05,5.18331441774287e-05
53,0.0035127513428134,0.0006313141784630716,5.65922700016844e-05,5.182362408297856e-05
54,0.0035527302798899736,0.0006712043541483581,5.65952526482182e-05,5.176323958783707e-05
55,0.003531351992437108,0.0006509942521171814,5.6572991525172256e-05,5.170815248592672e-05
56,0.0034978000912815332,0.0006169267369180241,5.658169522410555e-05,5.1788583071108654e-05
57,0.00348541480277411,0.0006052851729856974,5.656744129241402e-05,5.175758997211233e-05
58,0.003476476381448182,0.0005966446558225223,5.6560479854603976e-05,5.1807711729039014e-05
59,0.003477129270322621,0.0005977730510163714,5.655181749633894e-05,5.176533837088341e-05
60,0.003471698865971782,0.0005930286530532281,5.654078400270505e-05,5.163099723920988e-05
61,0.0034633622483604336,0.000585542944132943,5.651882863524158e-05,5.1877916451882235e-05
62,0.0034475796538489785,0.000569245338820937,5.651653505496638e-05,5.2507584769045934e-05
63,0.003429748901081356,0.0005525379092432559,5.650583294812929e-05,5.19193174775203e-05
64,0.003504179989580404,0.0006267013800838454,5.651351883980996e-05,5.180267147476446e-05
65,0.003414172922599722,0.0005376857377334752,5.649846587568225e-05,5.156392663510897e-05
66,0.003395031597888605,0.000497881459357979,5.648770175784276e-05,7.276504402398132e-05
67,0.0033521325517953796,0.00047326087951660156,5.6480139888166875e-05,5.486466827939942e-05
68,0.003329019443216649,0.0004535201574485241,5.647570634953974e-05,5.171396663751114e-05
69,0.003518584988672625,0.0006439905449621041,5.6461286393724464e-05,5.153014982087453e-05
70,0.0033078779868612237,0.00043413166316564787,5.644434498787053e-05,5.152906901044348e-05
71,0.003273468517529016,0.0003994123346108774,5.643654400376942e-05,5.222897264254491e-05
72,0.0032475961647419767,0.00037524438680107283,5.6413148658149027e-05,5.169434073402292e-05
73,0.0032253223365511408,0.0003536529402481392,5.6402062248459764e-05,5.1566299920192584e-05
74,0.0032076828329908576,0.00033587155419147825,5.6402980838108554e-05,5.1662249626877546e-05
75,0.00330257953398607,0.0004313079817538065,5.638388624488884e-05,5.207721319906837e-05
76,0.0032120234629308634,0.00033813749111934817,5.637570641490377e-05,5.5100652885316364e-05
77,0.003184714957817712,0.00031399806109468705,5.636606461352626e-05,5.241368076398926e-05
78,0.003177885230715302,0.0003047718981344422,5.634928757816934e-05,5.564894474280829e-05
79,0.0031697130867872725,0.0003013145522510802,5.633028128861704e-05,5.188449987062168e-05
80,0.003174492898820476,0.0002984932123746892,5.632048371560152e-05,5.997548925568646e-05
81,0.0031649443342096424,0.00029774215231141585,5.628643868311139e-05,5.288028064982923e-05
82,0.003166973019357432,0.00030129115012559026,5.6284121455973946e-05,5.147582388334823e-05
83,0.0031713590406897392,0.0003058285563549196,5.627332343878648e-05,5.186426840902475e-05
84,0.003168529068881815,0.0002981172609989616,5.6238172460738994e-05,5.8503172112978064e-05
85,0.003158174878494306,0.0002939733279741962,5.622722412888172e-05,5.284031679118264e-05
86,0.0031828310404142194,0.0003216956723587249,5.619519172548528e-05,5.137578723819884e-05
87,0.003156795356930657,0.00029676048540171575,5.6164650893399745e-05,5.180234223768242e-05
88,0.0031638490988618946,0.0002925112838221883,5.6141868712571025e-05,6.424435179558878e-05
89,0.0031503483187407255,0.00029189566769425505,5.612016783826138e-05,5.244424325858497e-05
90,0.0031485777581110597,0.0002916781205302951,5.610654195400209e-05,5.157255195213524e-05
91,0.003171812266704034,0.0003165647398087789,5.60773365908641e-05,5.138071802238383e-05
92,0.003148329380730336,0.00029470498371996325,5.603952343914319e-05,5.164827813463159e-05
93,0.003146093063564463,0.0002923163926673376,5.599233984619125e-05,5.415967445349617e-05
94,0.0031468089648776436,0.000293941397103481,5.5932112280226484e-05,5.6261954258926295e-05
95,0.003137300574136051,0.00029051856307143515,5.588650426282336e-05,5.2456809333472684e-05
96,0.00313460715750063,0.0002897018765162846,5.587186619364233e-05,5.131196154583119e-05
97,0.00317473261913454,0.0003339117697164924,5.578337037480775e-05,5.16523424184098e-05
98,0.0031632945703511887,0.00030712067514700306,5.570253928123169e-05,7.104692717389712e-05
99,0.003125371464358812,0.0002912898397136649,5.5613852633872405e-05,5.338899675486821e-05
100,0.010931223461573774,0.0002908478662985462,0.00010589052180876024,5.1323461196840405e-05
101,0.0064635323360562325,0.0002890501425347545,6.123179743801963e-05,5.1302525455618955e-05
102,0.00597497702322223,0.0002887919029242105,5.634605109993242e-05,5.157997772833121e-05
103,0.0059195568531074305,0.00028975535480474883,5.578484061433383e-05,5.131740908836946e-05
104,0.005907483547079292,0.0002901138809234412,5.566106714964421e-05,5.126296706624668e-05
105,0.0058973030906847934,0.0002884950187184255,5.5565826848826625e-05,5.222534177433276e-05
106,0.005885274593972347,0.00028828940147915006,5.5445561718608424e-05,5.24289728425422e-05
107,0.005880215628580613,0.0002942299126351083,5.534161656131883e-05,5.182408114540687e-05
108,0.005871244727379896,0.0002896822909612886,5.519633850781247e-05,6.192856447093867e-05
109,0.005857367936352437,0.00030149616279893303,5.503616243500305e-05,5.225557238604365e-05
110,0.005826982267370278,0.0002897892832565545,5.485394186424938e-05,5.179890285944566e-05
111,0.005802709461105141,0.00028762113652192056,5.4639741144703955e-05,5.111427129701372e-05
112,0.005786283682523804,0.00029497813639781356,5.4396317368214525e-05,5.167381922629747e-05
113,0.005756275897676294,0.00028769922342193735,5.41430050692394e-05,5.427622901069381e-05
114,0.005729734791781415,0.0003002111995804378,5.37817469938256e-05,5.134879624661566e-05
115,0.005687391935763034,0.00029205895341213113,5.3357626298251986e-05,5.9570408418287776e-05
116,0.005626474697650833,0.00028663191716821694,5.2881955112256534e-05,5.164729158092417e-05
117,0.005563631611452861,0.0002872105701085688,5.224755742264361e-05,5.16653546417894e-05
118,0.005486207971857352,0.00028868763845159924,5.1460176275048234e-05,5.150266158373349e-05
119,0.005461485421454365,0.00030057336235503584,5.109218132433439e-05,5.169390880672092e-05
120,0.005693103842945261,0.0002866776538377797,5.3458059152366e-05,6.0620258161427707e-05
121,0.005320606287568808,0.0002855834622592242,4.9790224445380524e-05,5.60004032608545e-05
122,0.006396878870542754,0.00029477869181639767,6.0502337708550677e-05,5.186638984675731e-05
123,0.005675270179794593,0.0002883553944147107,5.335572958839211e-05,5.1341814469196834e-05
124,0.005087041444229809,0.00028517196187749505,4.7508409062919036e-05,5.102863790604963e-05
125,0.004938283109698783,0.0003090084077980877,4.5782243680812165e-05,5.1050298266504384e-05
126,0.004763820547271858,0.00028585221496707,4.426030797979117e-05,5.1937554830642924e-05
127,0.006514193045652725,0.0002847181021934375,6.175298751093743e-05,5.417619269626977e-05
128,0.005126902325586839,0.00028464810218958354,4.790574960431761e-05,5.167926180795555e-05
129,0.004635162736204537,0.00028367472854866224,4.298234687832353e-05,5.3253390433383174e-05
130,0.004455022810196335,0.000285700142161328,4.116427672587716e-05,5.2894999912082724e-05
131,0.0043141523545438595,0.00030295498700897127,3.9598568367761224e-05,5.134052447498437e-05
132,0.0075462494384158744,0.00028765580579850143,7.202105023845269e-05,5.648863754520955e-05
133,0.007242617451331832,0.0002834323015783659,6.906922118849417e-05,5.226305603917519e-05
134,0.0047372834841636095,0.0002842950343620032,4.4016545540547334e-05,5.1333997114191085e-05
135,0.004432452652095394,0.00028694380836730653,4.093146377602931e-05,5.23623826170065e-05
136,0.004272530024701899,0.00028205622352702034,3.9384098107058726e-05,5.206387107715603e-05
137,0.00415250652639026,0.000286964372869327,3.8095076392478816e-05,5.603453428193461e-05
138,0.004044077613136985,0.000291216983565722,3.700277755507903e-05,5.2582799484794535e-05
139,0.003932593348012729,0.0002841980815653435,3.5974610000266694e-05,5.093421714263968e-05
140,0.003851775058799169,0.00028580545304893434,3.514986416451972e-05,5.0983205338442616e-05
141,0.003792742679996247,0.0002868392184609547,3.447890941805037e-05,5.801251377719878e-05
142,0.0037366257218474693,0.0002816489101281728,3.4035570107252255e-05,5.141979338738813e-05
143,0.0037043734919279814,0.0002831243499795991,3.3700812557733364e-05,5.116788997838739e-05
144,0.003796998601914807,0.00028265136511022734,3.463267834872981e-05,5.107935943339147e-05
145,0.0038717517904429274,0.0002872808558591218,3.527328491062772e-05,5.714248122372241e-05
146,0.003739451566203074,0.0002851273205702786,3.402070053032896e-05,5.225419822223061e-05
147,0.004142624537714503,0.0002855943457689136,3.80622173410798e-05,5.080843171030706e-05
148,0.0037697603058239274,0.00028205041598994285,3.4368208203390665e-05,5.088904221007727e-05
149,0.0036561029688031836,0.0002815256937703287,3.319937687510074e-05,5.463957412840418e-05
150,0.003628625947220082,0.00027948479030535304,3.296907776860859e-05,5.2233361533250324e-05
151,0.003667442255060781,0.0002833144601688466,3.3329541607103735e-05,5.117358920291405e-05
152,0.004110198658467693,0.0002852341898357157,3.773220156621061e-05,5.174425892949909e-05
153,0.003646257915534079,0.0002841691047334197,3.3090809831099414e-05,5.3007813304165296e-05
154,0.003614017030816864,0.00027913518054199153,3.281581997395154e-05,5.329983898925341e-05
155,0.0036254222293130374,0.00027810296424749225,3.2963383008874104e-05,5.098092829443472e-05
156,0.0036241267807781696,0.0002837727356977253,3.288593010934578e-05,5.176097858400846e-05
157,0.0040444933957504954,0.0002833927283063531,3.705481735365042e-05,5.561896614381112e-05
158,0.003734046741473404,0.0002780889282638038,3.405062439428134e-05,5.0895411484155126e-05
159,0.0036262466085397386,0.00027684730858626693,3.298274350527208e-05,5.112496100165035e-05
160,0.0036047159969298677,0.0002802444809772582,3.2734964902787894e-05,5.097503080006308e-05
161,0.0036045330978760667,0.0002804354629585181,3.2663695244330235e-05,5.772809328680689e-05
162,0.003691815517165444,0.0002771103926616806,3.363260425844187e-05,5.144471618801948e-05
163,0.003643524833023548,0.00027464960823470557,3.317822616240433e-05,5.1052602264627985e-05
164,0.0036883007692681117,0.00027858979724855584,3.358455978741404e-05,5.125498864799738e-05
165,0.0037039144663140178,0.0002820665553868325,3.370534564468967e-05,5.131335340345024e-05
166,0.003617660004899583,0.00027898610807658935,3.2876083423616365e-05,5.1065595636662856e-05
167,0.0036029409596019172,0.0002733552127293396,3.2739592907918535e-05,5.56264698058261e-05
168,0.0036382452500137415,0.0002836154718269509,3.3018673506872304e-05,5.27624663597883e-05
169,0.00400459190661257,0.0002753825723299418,3.678358817441304e-05,5.085051667596087e-05
170,0.003594205270267346,0.000275816804126159,3.266579568100331e-05,5.1808899198394187e-05
171,0.0035953762284903364,0.0002734950473743745,3.270282468292862e-05,5.1598709350483574e-05
172,0.0035985986786809835,0.0002789134358119389,3.268632463004906e-05,5.105276580831163e-05
173,0.0035966175227341328,0.00027894380698192185,3.266427847847808e-05,5.124589436243034e-05
174,0.003859324147924781,0.0002732063135640188,3.531066613504663e-05,5.505123276221143e-05
175,0.0036398868542164564,0.00027075821973002434,3.3168703256788746e-05,5.225831641424024e-05
176,0.0035878769227896223,0.000271491161335937,3.2653640366995454e-05,5.1021760472477496e-05
177,0.003614102638411251,0.00028685873919378287,3.2760754369188696e-05,5.116843286404301e-05
178,0.0035966961771588435,0.00027543830616526645,3.2702903560923666e-05,5.0967502002921805e-05
179,0.0036433249690823936,0.0002728416280164807,3.315510564954655e-05,5.4972836303270675e-05
180,0.003954742770557376,0.00027117164361036635,3.6329236867128536e-05,5.064737177401019e-05
181,0.0036126771222122693,0.0002704341525465927,3.291057526604907e-05,5.1185424870874904e-05
182,0.003586683178913187,0.0002702082062817433,3.2652461661861956e-05,5.12287965234877e-05
183,0.0035663606514307585,0.00027251429855823517,3.241115105497143e-05,5.2731232162014663e-05
184,0.003610438847152347,0.00027297588927798313,3.285042492445262e-05,5.242048295754516e-05
185,0.003664144505323334,0.0002715540957234969,3.3406124368246474e-05,5.1977972940552384e-05
186,0.0036110374018211255,0.000267427075992931,3.2929931628380224e-05,5.0617185479495674e-05
187,0.0035571301758120007,0.00026793142817702824,3.2388446098511025e-05,5.035412703529635e-05
188,0.0036138152301480823,0.00026803547833961517,3.295352226731748e-05,5.0427522761641406e-05
189,0.004033438057046045,0.00028143781607716596,3.692405582776039e-05,5.959460924548859e-05
190,0.0036013610555197706,0.000267971293810247,3.281771155756856e-05,5.1618598180621945e-05
191,0.0035709245659580283,0.0002666757275371558,3.25374932634242e-05,5.049953903256789e-05
192,0.0035544205986132674,0.0002685541006609459,3.235530692274386e-05,5.0335800551692955e-05
193,0.003560186554254456,0.0002678867802553048,3.242032537607222e-05,5.026727955158673e-05
194,0.0036371547771109776,0.00026455571986099875,3.32191185324601e-05,5.0687213760366746e-05
195,0.0036160213745791803,0.00026943014580121434,3.296259125239555e-05,5.033210916074247e-05
196,0.003553626191040332,0.0002648832120361145,3.2376191070811316e-05,5.1123871426997624e-05
197,0.003870833686298945,0.0002629004672847011,3.557295051657341e-05,5.063818405853288e-05
198,0.0036594888449392533,0.00027086116923865944,3.3326105370757766e-05,5.601712605725466e-05
199,0.0035566958725791087,0.00026681755447167564,3.2391806433390066e-05,5.0697704202982344e-05
200,0.11080155483531681,0.0002618170375089076,0.0005524448672738138,5.076578616519162e-05
201,0.015968355900523337,0.0002602434899679131,7.828863702095326e-05,5.0385002230706796e-05
202,0.010409708346494219,0.0002628953674998642,5.048210137333213e-05,5.039267737381372e-05
203,0.009570552205497568,0.0002602700141406703,4.629493212798314e-05,5.129570374926764e-05
204,0.009176312988115982,0.0002621435123728588,4.432079499978995e-05,5.0010518944790505e-05
205,0.008850796359845182,0.0002624725563112985,4.267646462804723e-05,5.3030860395996236e-05
206,0.008545985953374342,0.00025741104698020286,4.116154691887046e-05,5.626541629184926e-05
207,0.0082615205002102,0.0002614275105191733,3.974748258108527e-05,5.0596624284728684e-05
208,0.00800451102920554,0.00026229522534942424,3.846149692518256e-05,4.99163758253086e-05
209,0.007757910760119557,0.0002520794673314826,3.727982452387964e-05,4.986646788231817e-05
210,0.007554218998517503,0.0002559497820171104,3.624162854976021e-05,4.994350373718507e-05
211,0.007365728410976854,0.00024900680794168943,3.533399186298166e-05,4.9923114354235373e-05
212,0.0072325848000632095,0.0002704765806397931,3.456024420632854e-05,5.0059370881750844e-05
213,0.007093408885835247,0.000250069912660613,3.393555264417294e-05,5.622848882260521e-05
214,0.006983071629127318,0.0002454543004701422,3.343519496080592e-05,5.0578341126145624e-05
215,0.006907010048797185,0.00024337643580193716,3.306694419403687e-05,5.024479849618563e-05
216,0.00684783059510995,0.00024089033897987312,3.278623212695079e-05,4.969383503934792e-05
217,0.006817976965314962,0.00024842005752196366,3.25996092711152e-05,4.9634978495305404e-05
218,0.006784945747561075,0.00024122942638562316,3.246807269037659e-05,5.010178657275074e-05
219,0.0067668591244992886,0.00023732498481298205,3.2388867442601956e-05,5.176063925980336e-05
220,0.006752536272291432,0.00023334461465393278,3.234098089292688e-05,5.099543027013583e-05
221,0.0067680688278580255,0.00025276520252439445,3.23267732627838e-05,4.994894483057909e-05
222,0.006744806294922124,0.00023181997411566871,3.2311553282356314e-05,5.0675630931932986e-05
223,0.00673386549831114,0.00022526880771196872,3.228660402369728e-05,5.127587411896622e-05
224,0.006725031670860269,0.00022324238406409594,3.225915911157658e-05,4.9957438188192263e-05
225,0.006722810974513943,0.00022283141482727262,3.225003787189383e-05,4.9971968110185117e-05
226,0.006725356046279723,0.00022040865653914145,3.2265506392418914e-05,5.1846068097140893e-05
227,0.006718915993009101,0.0002181148454176516,3.225527457702397e-05,4.9746271542971954e-05
228,0.006720815256068652,0.0002213435357341289,3.224973691182888e-05,4.9524317133049905e-05
229,0.006714217618785121,0.0002074075528071262,3.226715142029041e-05,5.337983467060522e-05
230,0.006707237652418288,0.00020806820115963504,3.22337830518584e-05,5.2412809964152984e-05
231,0.006704367062246258,0.00021336853586200795,3.220866578472355e-05,4.926542219023263e-05
232,0.006694371113553643,0.00020196324211693454,3.2214085050244733e-05,4.959092488702895e-05
233,0.0066990035332062025,0.0001978329958298921,3.225981510530057e-05,4.920749051962048e-05
234,0.006689424965191971,0.00019397648363585839,3.22323141352337e-05,4.898563053178474e-05
235,0.006694568723270839,0.0001959631567429328,3.2235467270683415e-05,5.1512167953081765e-05
236,0.006691884566945108,0.0001950978661294688,3.2238395016809754e-05,4.910772986477241e-05
237,0.006680978673764251,0.00019149622940775853,3.2194641707147554e-05,5.05540311595806e-05
238,0.006671443158252673,0.00018533529047007588,3.218417044660203e-05,4.9273776973925784e-05
239,0.006676637101918459,0.00018208546481963077,3.2220184783165514e-05,5.051464491275097e-05
240,0.006669686874374747,0.00017821638043229044,3.2206651667365804e-05,5.01400853946424e-05
241,0.006669675508006053,0.00017754681572445077,3.2215711226771503e-05,4.898639252298215e-05
242,0.006661516296761957,0.00017310714081924578,3.219715257397514e-05,4.897872217539275e-05
243,0.006675330668010495,0.000185290733828548,3.217649662639649e-05,5.4740625935003415e-05
244,0.006666183027184822,0.00017646589483113283,3.2203106126292944e-05,4.9095881794611074e-05
245,0.006657431706447493,0.00016887052532348952,3.220058070755013e-05,4.8445063426201656e-05
246,0.006651485486972061,0.00016663828600113365,3.2183239950840786e-05,4.8199257435044274e-05
247,0.0066764550495215435,0.00016533994097368452,3.2314871449753724e-05,4.814075427103407e-05
248,0.006650784793733196,0.00016306562148119238,3.218765133086973e-05,5.0188946261187084e-05
249,0.00664039136079902,0.00016341181088302454,3.2145232663341716e-05,4.7932913730619475e-05
250,0.006657215237448161,0.00016421494960509747,3.221155285163232e-05,5.068966046647719e-05
251,0.006635444196449084,0.0001587527777618644,3.213850819024215e-05,4.8989775181822054e-05
252,0.006629000015726144,0.00015785629974826324,3.211674728928219e-05,4.779431550229095e-05
253,0.006628294687040828,0.00015499455383343792,3.210582012384707e-05,5.2136072058188304e-05
254,0.006634237456389449,0.00015317473695507613,3.216167715436313e-05,4.872724077193363e-05
255,0.006637560965662653,0.00015271979976784098,3.218776510038879e-05,4.7288084798227913e-05
256,0.006660050670193,0.00014890613238094375,3.23199441151122e-05,4.7155707017571494e-05
257,0.006637481612746011,0.00015053170632613316,3.218634380821393e-05,4.968117288874716e-05
258,0.006619841304861687,0.00014754485627318817,3.2126333198076196e-05,4.7029790287276477e-05
259,0.0066159002228894015,0.00014329473130849445,3.211220758781895e-05,5.016400824718982e-05
260,0.006622932173989036,0.00014473602773664012,3.214655903734224e-05,4.888430356169754e-05
261,0.006626272383569317,0.00013982574190859768,3.2199455083834685e-05,4.65557231192096e-05
262,0.006602350431917744,0.00014353809753877366,3.2062707759905607e-05,4.62707357655745e-05
263,0.006609597624364224,0.00014414026042107832,3.207093703332992e-05,5.127000986249186e-05
264,0.006594981109215455,0.00013721496956846252,3.2052950204656966e-05,4.717611310215116e-05
265,0.006607844727113843,0.0001360403522002426,3.212984401298772e-05,4.5835449451591224e-05
266,0.006597785638983954,0.00013332838121145457,3.209383281831503e-05,4.569074454510965e-05
267,0.006608800412240354,0.00013086449325783178,3.2137562150389634e-05,5.0423424743877895e-05
268,0.0066170102958990765,0.00012950617714192379,3.2201808525397524e-05,4.714248742939989e-05
269,0.00660131833600727,0.00013218255679186603,3.211874768153807e-05,4.5386250514473595e-05
270,0.006584288107908585,0.00012870544742327183,3.2052471975806505e-05,4.508836520306597e-05
271,0.006636943075467239,0.00012834658396472648,3.231696427974384e-05,4.5203672594983466e-05
272,0.006581535541706465,0.00012577149622798473,3.2029522117227316e-05,4.9859709344507955e-05
273,0.006601273103363134,0.00012467065673924728,3.2156221178328536e-05,4.535823377822949e-05
274,0.006594868884845214,0.0001222974077047018,3.214030932047701e-05,4.4509608745680786e-05
275,0.006619906285777688,0.00013673063916609283,3.219473894039931e-05,4.4227841995465994e-05
276,0.006563646845858206,0.00012320925187933344,3.198278467276726e-05,4.3880605351825416e-05
277,0.006578877420079979,0.00011972937070161358,3.204151322610084e-05,5.084538596830416e-05
278,0.00659561732953245,0.00011869992489333858,3.21649171052162e-05,4.393403882700527e-05
279,0.006628376325931062,0.00011808779924070801,3.2333904362696394e-05,4.3507608510977164e-05
280,0.006610650632699782,0.00011780078619432805,3.224841682160993e-05,4.31665432022948e-05
281,0.006558389551090923,0.00011801576792177829,3.198701746110931e-05,4.297034039072142e-05
282,0.00655928171578456,0.00012024236043957485,3.197167230113833e-05,4.4704886849186465e-05
283,0.0065487751906568355,0.00011499405081849545,3.195565196537328e-05,4.265077983621847e-05
284,0.006618755636736751,0.00011529571995858781,3.229403194960799e-05,4.465352288785983e-05
285,0.006561195202679796,0.00012182481276051311,3.1985994196888484e-05,4.217143313408914e-05
286,0.00659216747788543,0.00011392531285475178,3.216645464735021e-05,4.495125474270687e-05
287,0.006582945267754522,0.00011290867008607496,3.212709105520678e-05,4.4618454756511546e-05
288,0.006559522399170833,0.00011414490753932941,3.201554004177028e-05,4.2269590763184667e-05
289,0.006637964440001683,0.00011535115448747423,3.2404353160845034e-05,4.174261250062211e-05
290,0.006556771716780283,0.00011107535068400797,3.2021852265725926e-05,4.1325928991268896e-05
291,0.006531347711147232,0.00011160181681837209,3.188929688555866e-05,4.1886565337666646e-05
292,0.006641336166384545,0.00011059042563746598,3.241958637028636e-05,4.682846999706023e-05
293,0.006649415961212732,0.00011787051797992635,3.245186317971357e-05,4.117273668023038e-05
294,0.006586626341397112,0.00010978617369387807,3.218011724212292e-05,4.08167356495555e-05
295,0.00652656456540254,0.00010806867926889522,3.1889551047987133e-05,4.058568281999958e-05
296,0.006527801044285297,0.00011019975070005536,3.1884956115391105e-05,4.060997773856136e-05
297,0.006619239860976284,0.0001072066291023723,3.2349361473197035e-05,4.216092433621684e-05
298,0.006607147526334633,0.00011457779493701474,3.2260141531217165e-05,4.054136363927021e-05
299,0.0065424819476902485,0.00010700696260424924,3.197553814970888e-05,4.0367422116105445e-05
300,0.05053044186735695,0.00010542723413726145,0.00016793598495661917,4.421892349042041e-05
301,0.016684112096713347,0.00010489065409108827,5.5127994941854425e-05,4.0823121955988675e-05
302,0.013013966381549835,0.00011365918974413283,4.286685196513479e-05,4.025160706078168e-05
303,0.011890876784243366,0.00010643707917717455,3.9149070620293393e-05,3.9718483755925924e-05
304,0.011166248004883528,0.00010418795334937221,3.6741171491237104e-05,3.970850858339955e-05
305,0.010652531615712425,0.00010391644966809757,3.502818815997505e-05,4.015850919875613e-05
306,0.01029426134614782,0.00010360186967194419,3.383058091540906e-05,4.148537515323948e-05
307,0.010055367538536137,0.00010297365224687383,3.304299488346177e-05,3.949540306083773e-05
308,0.009904494043439627,0.00010264176142465493,3.254054933098484e-05,3.968748288488396e-05
309,0.009817278478294611,0.00010041951596080749,3.2253687260725364e-05,4.0752935423039496e-05
310,0.009765721815214916,0.00010119811783872798,3.208281255369498e-05,3.968001775237181e-05
311,0.009741513185541738,0.00010207729197149588,3.2000897011709064e-05,3.916685272997711e-05
312,0.009727645242078737,0.0001010632358057509,3.194563875943211e-05,4.28903091563949e-05
313,0.009713547769933939,9.81799795144153e-05,3.1917916038020685e-05,3.999294577542142e-05
314,0.009711369914426045,0.00010324967462855221,3.1896512320434503e-05,3.9166482648314826e-05
315,0.00970267385921695,9.704256610182875e-05,3.1888110739104874e-05,3.919816580574579e-05
316,0.009702185846187851,9.874197646488689e-05,3.188125662166964e-05,3.906689694717484e-05
317,0.009694391480562363,9.601922581416808e-05,3.1863770676533356e-05,3.924097009902735e-05
318,0.009696693709966812,9.829979601570152e-05,3.1863815489817746e-05,3.924931628386151e-05
319,0.009695866526189175,9.601117033691315e-05,3.1866586637492716e-05,3.987941107135901e-05
320,0.009685641493309628,9.346555419721302e-05,3.184350878820458e-05,3.912334134590558e-05
321,0.009693661492995241,9.936241291473958e-05,3.184829669904006e-05,3.98100002547091e-05
322,0.009683308741924438,9.39793833161027e-05,3.182434986890505e-05,4.202436155703088e-05
323,0.00968043129383163,9.146155174345371e-05,3.1832344161970965e-05,3.926637063242114e-05
324,0.009674850004640493,9.030708778564903e-05,3.18189573921369e-05,3.885556179739069e-05
325,0.009667871138927612,8.903022502305579e-05,3.180011944178577e-05,3.880499571096152e-05
326,0.0096921056763015,0.0001133272162405774,3.180024164480115e-05,3.870590659392871e-05
327,0.009669171011244709,9.331530236522667e-05,3.178948430683125e-05,3.901053605659399e-05
328,0.009659557264636864,8.6847651056649e-05,3.177847346788357e-05,3.916761323291046e-05
329,0.009660888590257277,8.565828796814789e-05,3.178698270031336e-05,3.913549831354017e-05
330,0.00965709417042407,8.475792360100472e-05,3.177615756364751e-05,3.9488936553508125e-05
331,0.009652650153095072,8.411162509053776e-05,3.175807432853617e-05,4.111632833056237e-05
332,0.009648683904246851,8.336899786213921e-05,3.175541298167611e-05,3.869109390176494e-05
333,0.009642959233712067,8.320515321842818e-05,3.17370534255381e-05,3.8637957914033905e-05
334,0.009648010685023937,8.814619716510855e-05,3.173763219489377e-05,3.857482773706909e-05
335,0.009636843873357231,8.144572215810926e-05,3.172242544348013e-05,3.867055916502564e-05
336,0.009632638570937243,7.93863337920894e-05,3.171491880493704e-05,3.877667404594831e-05
337,0.00965492008253932,9.733871609734541e-05,3.17220905840672e-05,4.09541632755215e-05
338,0.009634017055346207,8.033392573865554e-05,3.170834712694738e-05,4.117884087794334e-05
339,0.009623149113560265,7.732321418271485e-05,3.1690456373987466e-05,3.868906390959058e-05
340,0.009618810039352287,7.647388702025637e-05,3.167959717261097e-05,3.845693556120916e-05
341,0.009615263308991085,7.576774243551137e-05,3.1670114946212955e-05,3.846113428484056e-05
342,0.009622731881046837,8.340433884189802e-05,3.1669551224860534e-05,3.8462212118743494e-05
343,0.009607562456618656,7.623396661735818e-05,3.164257164330179e-05,3.8557155593562953e-05
344,0.00960710576989434,7.357540711051446e-05,3.165028035503135e-05,3.8446332010525197e-05
345,0.009611898482861843,8.683555775364353e-05,3.1621950421884485e-05,3.84779179347044e-05
346,0.00960117345675826,7.877984568370844e-05,3.1613224729715675e-05,3.8426329245505094e-05
347,0.009602762504734776,7.291404769851148e-05,3.16374611098912e-05,3.8610363348694094e-05
348,0.009587259455160662,7.10749882273376e-05,3.1592746547010556e-05,3.836057525900701e-05
349,0.00958805645562031,7.133148127732883e-05,3.1592551088331014e-05,3.895967446706808e-05
350,0.009586223951456222,7.060050351852128e-05,3.158212794832335e-05,4.098520730622113e-05
351,0.009590704883025452,7.570331548446451e-05,3.158846431522927e-05,3.8462494558189064e-05
352,0.009591048625721172,9.06791432167996e-05,3.154107170385859e-05,3.804794505413156e-05
353,0.009567037944427946,7.06455261520618e-05,3.1527669059207916e-05,3.8091690591748126e-05
354,0.009566811082715338,6.835853954808871e-05,3.153439072114204e-05,3.813546721754722e-05
355,0.009560877203264019,6.757809387636371e-05,3.151718589254994e-05,3.8143354024875656e-05
356,0.009552650153636932,6.691168858775531e-05,3.149124908800745e-05,3.83637677507729e-05
357,0.009548326319252903,6.676490705682558e-05,3.1477917880031534e-05,3.81859755924035e-05
358,0.009553286754949526,6.679272899584083e-05,3.149394747610627e-05,3.830980081560979e-05
359,0.009540739511563019,6.770853592156941e-05,3.144932121689305e-05,3.823440039757936e-05
360,0.009550748435272411,7.60159055062104e-05,3.145553571150892e-05,3.807191371213941e-05
361,0.009532898664474487,6.594053907478651e-05,3.142992152954155e-05,3.798177931457758e-05
362,0.009527782740240747,6.47495021853088e-05,3.140096801375462e-05,4.2742935957821004e-05
363,0.009528541006147861,6.625741661991924e-05,3.1408655062974006e-05,3.9687136450083926e-05
364,0.009524920828301798,6.42393933958374e-05,3.1409450457431376e-05,3.7846450637020595e-05
365,0.009535339449278334,7.722334405777723e-05,3.140170420837504e-05,3.76048870252403e-05
366,0.009512440386143598,6.416458662980321e-05,3.136923557824709e-05,3.750520822491539e-05
367,0.009528985585678707,6.262874012463726e-05,3.142965843752873e-05,3.745933579259806e-05
368,0.009505008728328075,6.173503077827098e-05,3.13528755875516e-05,3.741095067446374e-05
369,0.009548503439873457,6.206638400643979e-05,3.14968869629824e-05,3.737097077563786e-05
370,0.009587641212750565,7.835728386205368e-05,3.157320382094688e-05,3.732293027331418e-05
371,0.009515159678730097,6.240059337869752e-05,3.1384750234957956e-05,3.733386917949908e-05
372,0.009516256861388683,6.050984484318178e-05,3.139539066151801e-05,3.712983297274067e-05
373,0.009539616421203722,5.9961974660506136e-05,3.146908784401603e-05,3.892819966660516e-05
374,0.009609673553231087,5.997936535674274e-05,3.17072008328978e-05,3.753390658609781e-05
375,0.009536279450086031,6.590524753846694e-05,3.144465980850245e-05,3.6976331102778204e-05
376,0.009455257391726429,6.154250133311672e-05,3.118998425965071e-05,3.671967798171946e-05
377,0.009467409542677078,5.878071831168861e-05,3.123941463524137e-05,3.680447629118465e-05
378,0.009649781679565256,5.885496317535978e-05,3.1844562644519925e-05,3.7557986202459276e-05
379,0.00972447336905382,6.784961855869783e-05,3.206768666462846e-05,3.6317642463307657e-05
380,0.009429958479648287,5.800748245250857e-05,3.111816543175585e-05,3.650119238458997e-05
381,0.009429090106013146,5.889962416073434e-05,3.110616622011135e-05,3.834067336521746e-05
382,0.00945909655737606,5.928819403131704e-05,3.1211754255557686e-05,3.628204930547244e-05
383,0.009418875148350542,5.699821254397234e-05,3.108793614294634e-05,3.549618221851151e-05
384,0.00943163392896002,6.920431009017524e-05,3.109055763740219e-05,3.5262262827018276e-05
385,0.009682228746400639,5.8767946856360965e-05,3.194124193131839e-05,4.108806818046353e-05
386,0.00944311527365988,5.6241502534248866e-05,3.117193293953526e-05,3.529397376537831e-05
387,0.009385859466750513,5.5972223146289416e-05,3.0984622836430475e-05,3.4500517854625784e-05
388,0.009876812469552864,5.538709675337569e-05,3.262473149913024e-05,3.400607701306316e-05
389,0.009542122567919168,5.646678453724069e-05,3.150724941488906e-05,3.348103994291953e-05
390,0.00937072191895409,5.5570798642954536e-05,3.0926659912273117e-05,3.71530550182797e-05
391,0.009364208333532919,7.1481538477449e-05,3.0860740067013964e-05,3.450476784068583e-05
392,0.009508873674679886,5.722883724956773e-05,3.1398420105688274e-05,3.211879183337177e-05
393,0.009443849917839874,5.360670961222654e-05,3.11967959615603e-05,3.120442620870149e-05
394,0.0093547700565647,5.3257570636395194e-05,3.0903293505120516e-05,3.052424075245984e-05
395,0.009347677400166338,5.268707884004636e-05,3.085453508075179e-05,3.862964414028366e-05
396,0.009405730080536821,5.251473472030325e-05,3.107718723847277e-05,3.0059088534141086e-05
397,0.009325694843110714,5.2228893268461846e-05,3.081572636305778e-05,2.8747905327525753e-05
398,0.009506740734319796,7.203315528220793e-05,3.135582499618811e-05,2.7960119950876106e-05
399,0.009309015914120457,5.4504408994530834e-05,3.075744676938154e-05,2.7277205845166463e-05
400,0.1052876975048672,5.172794474426403e-05,0.00021041847586192571,2.6732937509553846e-05
401,0.02882890081541105,5.11946114288135e-05,5.7498316560998895e-05,2.8547796318889596e-05
402,0.02165094686841423,5.0919238591714844e-05,4.314818926848768e-05,2.5933076606386088e-05
403,0.019348537718707867,5.069133724398191e-05,3.854512397083454e-05,2.528446119950703e-05
404,0.017882220023735004,5.5667374247356996e-05,3.5595871271322146e-05,2.8617303211252544e-05
405,0.016851561059328644,5.3835858952052973e-05,3.354415209535298e-05,2.564931698791704e-05
406,0.016197363084012813,5.085662732281807e-05,3.224372812837828e-05,2.464225599396741e-05
407,0.015814818314869295,5.23363452719588e-05,3.1476591506031006e-05,2.4186072881672192e-05
408,0.015623861161822622,5.150619472260587e-05,3.1096495810991407e-05,2.4107338752153076e-05
409,0.015549427745017138,5.5761947805876844e-05,3.093303464331918e-05,2.7148445703708354e-05
410,0.015505648641423746,4.9758065704901874e-05,3.085862325943626e-05,2.65788808478233e-05
411,0.015483532566577196,4.9737453082343563e-05,3.082004803383659e-05,2.3771239615267735e-05
412,0.015475503253665838,5.9826353456380524e-05,3.078450068146181e-05,2.3426473407281183e-05
413,0.015452425037934021,5.039579578310209e-05,3.075754507749066e-05,2.325660782596308e-05
414,0.015446619680998001,4.879172890716952e-05,3.074947546172718e-05,2.3090150948105887e-05
415,0.015445070679892193,4.965242309977343e-05,3.07449863612419e-05,2.2925245750891257e-05
416,0.015448014929213306,4.9594185838941485e-05,3.073733610521727e-05,2.9752841328445356e-05
417,0.01543175983666019,5.6665062484998174e-05,3.069690790818475e-05,2.6640853072670076e-05
418,0.015410370405086062,4.912085767666047e-05,3.0675971422831275e-05,2.3263875928850293e-05
419,0.015401503917845812,5.019685621928974e-05,3.0656837969383396e-05,2.288824378576299e-05
420,0.015393376096405766,4.8019963287515566e-05,3.064522206841502e-05,2.2744977451855615e-05
421,0.015390059783716093,5.236527646378487e-05,3.063018638468665e-05,2.2601228920393623e-05
422,0.015382418197325685,4.904785915145608e-05,3.062165276126259e-05,2.2543826162291225e-05
423,0.015371894421563908,5.038816330356481e-05,3.0598100238421466e-05,2.2456155007107142e-05
424,0.015354344197972254,4.857408732112328e-05,3.0566776496760376e-05,2.238194759808142e-05
425,0.01535078434442932,5.469518642216413e-05,3.0547539939685855e-05,2.231910870746519e-05
426,0.015339364678683605,4.989349591514011e-05,3.0534139279387254e-05,2.2401597231113225e-05
427,0.015325885350731287,4.784962204046844e-05,3.0507377645831596e-05,2.4346844425467268e-05
428,0.015318594237958843,4.777966188901866e-05,3.0496218063159507e-05,2.27055969100382e-05
429,0.01530656015331095,4.734187066126403e-05,3.047373965356118e-05,2.2348434537310492e-05
430,0.015315380921079353,6.215668128623457e-05,3.0461973437923007e-05,2.2237651054720946e-05
431,0.015291278716176748,4.8876621142633006e-05,3.044041890957901e-05,2.2192589230226904e-05
432,0.015288835603066465,4.71640351778743e-05,3.0425312864033252e-05,2.9015053521354936e-05
433,0.015272243244742805,4.680216906391169e-05,3.040421564616157e-05,2.3333438879159406e-05
434,0.015277001371776516,4.673232929648789e-05,3.041604122699937e-05,2.2248716794076078e-05
435,0.015261676204814152,4.708170622920575e-05,3.0384946099233772e-05,2.2121582581100732e-05
436,0.015239277304234829,4.6683592617310666e-05,3.0341056778772987e-05,2.206531313607808e-05
437,0.015244470739906485,5.762051147361159e-05,3.03296805709992e-05,2.200989605295366e-05
438,0.015230131843550638,5.234854027300819e-05,3.0311627679938365e-05,2.1969476124054793e-05
439,0.015213528521020304,4.710536003668412e-05,3.0288903954814568e-05,2.197119110033699e-05
440,0.015210861086168072,4.6570007312270306e-05,3.0284609899602152e-05,2.198591027990915e-05
441,0.015201341022144665,4.62938456952212e-05,3.0266244721133262e-05,2.1924853668183047e-05
442,0.015193578575483778,4.625420842785388e-05,3.0249919539280448e-05,2.2364592702863526e-05
443,0.015175110872157595,4.663818501946728e-05,3.0211569372278806e-05,2.2688014806507535e-05
444,0.015185468237508427,4.813222916378766e-05,3.0230512327927333e-05,2.207986852392258e-05
445,0.015172431541776115,5.0940384839619085e-05,3.019906497766814e-05,2.195861254056746e-05
446,0.015147089069201187,4.811759225214535e-05,3.0149006471963897e-05,2.446839500242442e-05
447,0.01514642783017321,4.710864314719484e-05,3.0154302790337667e-05,2.2167754898625638e-05
448,0.015139745760031721,4.67112447288607e-05,3.014223073643569e-05,2.1919015539011028e-05
449,0.015161787583069368,4.796621810369702e-05,3.018385863966118e-05,2.189224158593623e-05
450,0.015178459823470224,4.884330403662964e-05,3.02156184426911e-05,2.1807329093545295e-05
451,0.01512625805017623,4.73991880095458e-05,3.0113962648928546e-05,2.1877565152615055e-05
452,0.015123061327771707,4.644926196884956e-05,3.0106476267312907e-05,2.3374082378392234e-05
453,0.015096222600814972,4.882715389116625e-05,3.0046442506400954e-05,2.417405184215485e-05
454,0.015142826998436993,4.781684831620871e-05,3.014620390538105e-05,2.1908248196599413e-05
455,0.015077757606790825,4.8126819654664196e-05,3.0015703239107758e-05,2.177921264360934e-05
456,0.015070964116603136,4.614461795426905e-05,3.0006105920289304e-05,2.1766467728990722e-05
457,0.015052924609997055,4.5712409204993904e-05,2.9970943862942725e-05,2.174028858545088e-05
458,0.015050289856100624,5.560828867601231e-05,2.9945905639165588e-05,2.1728811423765198e-05
459,0.015131114812737162,4.689604909138077e-05,3.0123882755684793e-05,2.2277408540751573e-05
460,0.015078669667921284,4.5861515404381365e-05,3.0020769289959308e-05,2.2423516714876644e-05
461,0.015074986964464188,4.5660562384661965e-05,3.001457612712825e-05,2.2038416731943883e-05
462,0.01523815192790194,4.678361388373146e-05,3.0338930545522917e-05,2.1902912852634802e-05
463,0.0150554348629984,4.6940559762085535e-05,2.9972932514448818e-05,2.2027954649026718e-05
464,0.015033454803580587,4.6091103947467424e-05,2.9930296312324405e-05,2.221560680482071e-05
465,0.015036301941356876,4.6804221876134925e-05,2.9935251239459664e-05,2.1872159942921083e-05
466,0.015170868020504713,4.562428991696586e-05,3.0205849890824705e-05,2.2318804605509452e-05
467,0.01501410183581439,4.8833287688797675e-05,2.9886947562441822e-05,2.1794774759407367e-05
468,0.015042797154323622,5.1329653036770075e-05,2.993672123094174e-05,2.3106923684033312e-05
469,0.015041821339929646,4.557914326142054e-05,2.9948761452529155e-05,2.186145196570909e-05
470,0.014984964985739101,4.5541148210759275e-05,2.983560112955853e-05,2.1623315578009088e-05
471,0.015079630411822687,4.590384510679128e-05,3.002404272675366e-05,2.170528808743587e-05
472,0.015010752503506163,4.5085039098260246e-05,2.9884571631555445e-05,2.3381561814775605e-05
473,0.014965782026675615,4.597078193248969e-05,2.979599337942835e-05,2.18144907855524e-05
474,0.015037313950332728,5.120650613124863e-05,2.9928934219986498e-05,2.164044376100223e-05
475,0.014991204296662048,4.5605420382344164e-05,2.9847570245196536e-05,2.1813960632822603e-05
476,0.014960506761615927,4.529257074120158e-05,2.978612916525559e-05,2.214954995658693e-05
477,0.015116478824480013,4.498401292287533e-05,3.0099648855949372e-05,2.1670369030537337e-05
478,0.015259614976292307,4.7227763140902177e-05,3.038066122164971e-05,2.2056611586859535e-05
479,0.015054481993006035,4.978854419525967e-05,2.9966345292367887e-05,2.1520873732780192e-05
480,0.014872436581010168,4.523083159504247e-05,2.9600999368994962e-05,2.670609658459646e-05
481,0.014933989637277344,4.4925846602630124e-05,2.973281913331117e-05,2.2654267922916915e-05
482,0.014898025388406082,4.504284168598877e-05,2.9662635411527432e-05,2.1664937445497014e-05
483,0.014914088797840204,5.010326508041048e-05,2.9684809553807348e-05,2.15808390335455e-05
484,0.014900136823681269,4.52958760103105e-05,2.966663321951108e-05,2.152413468469273e-05
485,0.015039892020550642,4.484090756953017e-05,2.9947095506279517e-05,2.1503231023829855e-05
486,0.01494564971124584,4.592449658957776e-05,2.9756382983495396e-05,2.1533724066102877e-05
487,0.014843122483315792,4.571274753702296e-05,2.9551751223069996e-05,2.1534483742222868e-05
488,0.014944415116174654,5.084662255037322e-05,2.9744169957914643e-05,2.1483524588719856e-05
489,0.015195156997916374,4.580422699456738e-05,3.0255512600971006e-05,2.1596447533573322e-05
490,0.01490164323794571,4.509280254503458e-05,2.967000355883184e-05,2.154878447155087e-05
491,0.014794703191992912,4.592607084222519e-05,2.9453115530486684e-05,2.22193751720955e-05
492,0.01490875921974128,4.4970888748966075e-05,2.9684213586733676e-05,2.1681535641123034e-05
493,0.014814479742199183,4.5165034614249386e-05,2.9495349983996924e-05,2.163985325089677e-05
494,0.015061666977337816,4.828216730278324e-05,2.998286254296545e-05,2.195344859501347e-05
495,0.01502989274872975,4.5603219570528545e-05,2.9924835871497635e-05,2.1871605564559683e-05
496,0.014875749253075232,4.4789443729149006e-05,2.9618584201009732e-05,2.1667791522552513e-05
497,0.01479932606558908,4.6686152762214824e-05,2.946138482167788e-05,2.194763097081291e-05
498,0.014925019138238647,4.504341731345366e-05,2.971702393882548e-05,2.1463636420032177e-05
499,0.014911273663694208,4.675976213713346e-05,2.9682516800345514e-05,2.3255462524089538e-05
500,0.01471726486290043,4.8569611449651845e-05,2.9293000393822282e-05,2.219502824697305e-05
